Id,Name,hed__Course_ID__c
a0C8c00000XMMZDEA5,1 Corinthiens,NT3215a
a0C8c00000XMMZ0EAP,1ère Épitre de Pierre,NT2214
a0C8c00000XMMZEEA5,2 Corinthiens,NT3215b
a0C8c00000XMMiCEAX,Actes des apôtres,NT7230
a0C8c00000XMMiDEAX,Actes des apôtres,NT9230
a0C8c00000XMMakEAH,Actes des apôtres,NT2230
a0C8c00000XMMiAEAX,Actes à Apocalypse,NT1202
a0C8c00000XMMiBEAX,Actes à Apocalypse,NT5202
a0C8c00000XMMXbEAP,Administration,EP2515
a0C8c00000XMMd7EAH,Adoration,IMS702
a0C8c00000YK1qcEAD,Adorer Dieu,CBE108
a0C8c00000XMMcWEAX,Affections spirituelles et coaching,EP2570
a0C8c00000XMMXREA5,Affermissement Égl. Paul,EP2120
a0C8c00000XMMiEEAX,Aide aux couples,EP3540
a0C8c00000XMMiFEAX,Aide aux couples,EP7540
a0C8c00000XMMiHEAX,Amillénarisme,TS8311
a0C8c00000XMMiGEAX,Amillénarisme,TS4311
a0C8c00000XMMbREAX,Amillénarisme,TS9311
a0C8c00000XMMdEEAX,Amour,IMS709
a0C8c00000XMMZnEAP,Ancien Testament I en lectures dirigées,AT3101
a0C8c00000XMMZoEAP,Ancien Testament II en lectures dirigées,AT3102
a0C8c00000XMMZpEAP,Ancien Testament III en lectures dirigées,AT3103
a0C8c00000XMMZqEAP,Ancien Testament IV en lectures dirigées,AT3104
a0C8c00000XMMXgEAP,Anim. Techn. counseling I & II,EP6530-31
a0C8c00000XMMXfEAP,Anim. techn. counseling I et II,EP7530-31
a0C8c00000XMMaKEAX,Animation d'une étude biblique,EP1505
a0C8c00000XMMXIEA5,Animation petits groupes,EP1504
a0C8c00000XMMXxEAP,Animation relation d'aide I,EP3530
a0C8c00000XMMXyEAP,"Animation relation d'aide I,II",EP3530-31
a0C8c00000XMMXzEAP,Animation relation d'aide II,EP3531
a0C8c00000XMMY0EAP,Animation relation d'aide III,EP3532
a0C8c00000XMMXiEAP,Animation tech. counseling I,EP7530
a0C8c00000XMMXlEAP,Animation tech. counseling II,EP7531
a0C8c00000XMMXmEAP,Animation tech. counseling III,EP7532
a0C8c00000XMMiIEAX,Anthropologie / Hamartiologie,TS3311
a0C8c00000XMMiJEAX,Anthropologie / Hamartiologie,TS7311
a0C8c00000XMMiKEAX,Anthropologie biblique,TS3305
a0C8c00000XMMiLEAX,Anthropologie biblique,TS6305
a0C8c00000XMMbOEAX,Anthropologie biblique,TS9135
a0C8c00000XMMZUEA5,Anthropologie biblique I,TS3305a
a0C8c00000XMMZVEA5,Anthropologie biblique II,TS3305b
a0C8c00000XMMYQEA5,Anthropologie culturelle,EP8602
a0C8c00000XMMiNEAX,Anthropologie missionnaire,MI8602
a0C8c00000XMMiMEAX,Anthropologie missionnaire,MI4602
a0C8c00000YJf0eEAD,Apocalypse,NT9218
a0C8c00000YJf0ZEAT,Apocalypse,NT7218
a0C8c00000XMMZHEA5,Apocalypse,NT3218
a0C8c00000XMMiOEAX,Apologétique,HP3220
a0C8c00000XMMiPEAX,Apologétique,HP7220
a0C8c00000XMMccEAH,Apologétique,HP9420
a0C8c00000XMMcsEAH,Appel,IMS504
a0C8c00000XMMiREAX,Application des Écritures en counseling,EP5553
a0C8c00000XMMiQEAX,Application des Écritures en counseling,EP3553
a0C8c00000XMMY9EAP,Application des Écritures en counseling biblique,EP7553
a0C8c00000XMMYiEAP,Approche fonc. appr. du grec,LA1722
a0C8c00000YK1r7EAD,Aptitude en entreprenariat,CBE613
a0C8c00000YK1r2EAD,Aptitude à enseigner,CBE603
a0C8c00000g06b9EAA,Archéologie biblique,BI7110
a0C8c00000XMMXCEA5,Archéologie biblique,BI3110
a0C8c00000YK1qjEAD,Articuler son appel,CBE210
a0C8c00000ZMkxREAT,Assistance aux personnes en situation de crise,HP34340
a0C8c00000XMMiTEAX,AT I : Pentateuque,AT5101
a0C8c00000XMMiSEAX,AT I : Pentateuque,AT1101
a0C8c00000YJgiCEAT,AT II : Les livres historiques,AT5102
a0C8c00000XMMX1EAP,AT II : Les livres historiques,AT1102
a0C8c00000XMMX2EAP,AT III : Les livres poétiques,AT1103
a0C8c00000YJgiDEAT,AT III : Les livres poétiques,AT5103
a0C8c00000XMMX3EAP,AT IV : Les Prophètes,AT1104
a0C8c00000YJgiEEAT,AT IV : Les Prophètes,AT5104
a0C8c00000XMMXBEA5,Atelier d'analyse de textes,BI2120
a0C8c00000YJgiIEAT,Atelier d'analyse de textes,BI6120
a0C8c00000XMMbcEAH,Atelier d'homilétique (lecture dirigée),EP1507
a0C8c00000XMMiUEAX,Atelier d'interprétation,BI2101
a0C8c00000XMMiVEAX,Atelier d'interprétation,BI6101
a0C8c00000XMMiWEAX,Atelier d'interprétation : Découvrir la poésie biblique dans les Psaumes,BI2126
a0C8c00000XMMiXEAX,Atelier d'interprétation : Découvrir la poésie biblique dans les Psaumes,BI5126
a0CON00000Cx0Ce2AJ,Atelier d'interprétation : Exode,BI2127
a0C8c00000XMMcFEAX,Atelier d'interprétation : genre épistolaire,BI2123
a0CON00003JKeBx2AL,Atelier d'interprétation : Habaquq,BI2129
a0C8c00000XMMiYEAX,Atelier d'interprétation : La littérature apocalyptique,BI2125
a0C8c00000XMMiZEAX,Atelier d'interprétation : La littérature apocalyptique,BI5125
a0C8c00000XMMbnEAH,Atelier d'interprétation : Les Évangiles,BI2121
a0CON00001nPFUm2AO,Atelier d'interprétation : Marc,BI2128
a0C8c00000XMMiaEAH,Atelier d'interprétation : Sagesse et poésie,BI2124
a0C8c00000XMMibEAH,Atelier d'interprétation : Sagesse et poésie,BI8124
a0CON00001fLYwA2AW,Atelier de formation en counseling biblique I,EP8581
a0CON00001fLgKs2AK,Atelier de formation en counseling biblique I,EP4581
a0CON00001fLD6a2AG,Atelier de formation en counseling biblique II,EP8582
a0CON00001fLftC2AS,Atelier de formation en counseling biblique II,EP4582
a0CON00001fLdUr2AK,Atelier de formation en counseling biblique III,EP4583
a0CON00001fLXzN2AW,Atelier de formation en counseling biblique III,EP8583
a0C8c00000XMMcPEAX,Atelier de prédication,EP1530
a0C8c00000XMMidEAH,Atelier d’interprétation : Le livre d’Ésaïe,BI6122
a0C8c00000XMMicEAH,Atelier d’interprétation : Le livre d’Ésaïe,BI2122
a0C8c00000YJgiREAT,Ateliers de Communication,EP9014
a0C8c00000XMMYEEA5,Ateliers de Communication,EP5514
a0C8c00000XMMXKEA5,Bergérologie,EP1515
a0C8c00000XMMifEAH,Bibliologie,BI5100
a0C8c00000XMMX9EAP,Bibliologie,BI1100
a0C8c00000XMMieEAH,Bibliologie,BI1100
a0C8c00000XMMaFEAX,Bibliologie - 1ère partie,BI5100a
a0C8c00000XMMaGEAX,Bibliologie - 2e partie,BI5100b
a0C8c00000XMMZxEAP,Bibliologie (1e partie),BI1100a
a0C8c00000XMMZyEAP,Bibliologie (2ème partie),BI1100b
a0C8c00000XMMbaEAH,Bien réfléchir pour bien agir - Éthique chrétienne,HP6432
a0C8c00000XMMZsEAP,Bâtir un plan pour ta vie-7e priorité,EP1522
a0C8c00000XMMYaEAP,Catholicisme,HP4416
a0C8c00000XMMijEAH,Christologie,TS3306
a0C8c00000XMMikEAH,Christologie,TS7306
a0C8c00000YK8OnEAL,Christologie et sotériologie,TS7320
a0C8c00000YK8OiEAL,Christologie et sotériologie,TS3320
a0C8c00000XMMiiEAH,"Chrétiens, justice, Évangile et justice sociale",HP8810
a0C8c00000XMMigEAH,"Chrétiens, justice, Évangile et justice sociale",HP4410
a0C8c00000XMMihEAH,"Chrétiens, justice, Évangile et justice sociale",HP8410
a0C8c00000YK1qxEAD,Clarté théologique,CBE503
a0C8c00000XMMcCEAX,Coaching,EP2217
a0CON00000Cx2IW2AZ,Coaching 101,EP0100
a0C8c00000YTvveEAD,Coaching 360,EP6218
a0C8c00000YTvvZEAT,Coaching 360,EP2218
a0C8c00000XMMilEAH,Coaching au féminin,EP2514
a0C8c00000XMMimEAH,Coaching au féminin,EP5513
a0C8c00000XMMioEAH,Coaching de prédication,EP5505
a0C8c00000XMMinEAH,Coaching de prédication,EP2505
a0C8c00000XMMaSEAX,Colossiens,NT3211
a0C8c00000XMMZkEAP,Colossiens/Éphésiens,NT3213b
a0C8c00000XMMipEAH,Comment prêcher le sermon sur la montagne,NT2207
a0C8c00000XMMiqEAH,Comment prêcher le sermon sur la montagne,NT7207
a0C8c00000XMMd8EAH,Communauté,IMS703
a0C8c00000XMMYCEA5,Communication,EP5510
a0C8c00000XMMXJEA5,Communication,EP1506
a0C8c00000YJf0EEAT,Communication,IMS509
a0C8c00000YJezvEAD,Communication,EP9010
a0C8c00000YK1qpEAD,Communiquer efficacement,CBE310
a0C8c00000XMMXoEAP,Conducteur de cultes (musique),EP2550
a0C8c00000XMMXWEA5,Conducteurs Église primitive,EP2320
a0C8c00000XMMXrEAP,Conférence musique,EP2560
a0C8c00000XMMXqEAP,Conférence musique 1989,EP2551
a0C8c00000YK1qREAT,Connaître Dieu,CBE103
a0C8c00000YK1qUEAT,Connaître l'Histoire,CBE214
a0C8c00000YK1qQEAT,Connaître l'Évangile,CBE102
a0C8c00000YJjaNEAT,Connaître le Dieu trinitaire,TS2103
a0C8c00000YJjaSEAT,Connaître le Dieu trinitaire,TS6103
a0C8c00000YK1qVEAT,Connaître le Fils,CBE312
a0C8c00000XMMchEAH,Connaître le Tout-Puissant,TS1308
a0C8c00000YK1qeEAD,Connaître qui nous sommes,CBE110
a0C8c00000YK1qdEAD,Connaître son contexte,CBE109
a0C8c00000YK1qtEAD,Connaître son prochain,CBE316
a0C8c00000XMMiuEAH,Contextualisation de l'Évangile,HP7250
a0C8c00000XMMitEAH,Contextualisation de l'Évangile,HP3250
a0C8c00000XMMcGEAX,Contextualisation de l'Évangile,HP9445
a0C8c00000YK1qwEAD,Conviction et recommandation,CBE502
a0CON00002lnbqg2AA,Counseling biblique auprès des enfants et adolescents,EP7560
a0C8c00000XMMivEAH,Counseling biblique auprès des enfants et adolescents,EP3560
a0C8c00000XMMiwEAH,Counseling biblique des enfants et adolescents,EP7560
a0C8c00000XMMixEAH,Counseling biblique ecclésiastique,EP3562
a0C8c00000XMMiyEAH,Counseling biblique ecclésiastique,EP7562
a0C8c00000XMMj0EAH,Counseling biblique I,EP7550
a0C8c00000XMMizEAH,Counseling biblique I,EP3550
a0C8c00000XMMj1EAH,Counseling biblique I,EP9550
a0C8c00000XMMj2EAH,Counseling biblique II,EP3551
a0C8c00000XMMj3EAH,Counseling biblique II,EP7551
a0C8c00000YJgiNEAT,Counseling biblique III,EP7552
a0C8c00000XMMYPEA5,Counseling biblique III,EP3552
a0C8c00000XMMj5EAH,Counseling biblique marital,EP6547
a0C8c00000XMMj4EAH,Counseling biblique marital,EP2547
a0C8c00000XMMj8EAH,Counseling de couple,EP3556
a0C8c00000XMMj6EAH,Counseling de couple,EP6549
a0C8c00000XMMj7EAH,Counseling de couple,EP9149
a0C8c00000YJgiJEAT,Counseling de groupe (techniques),EP2548
a0C8c00000XMMaNEAX,Counseling de groupe (techniques),EP6548
a0C8c00000XMMjAEAX,Counseling et physiologie,EP7556
a0C8c00000XMMj9EAH,Counseling et physiologie,EP3556
a0C8c00000XMMjCEAX,Counseling et physiologie I,EP6566
a0C8c00000XMMjBEAX,Counseling et physiologie I,EP3566
a0C8c00000XMMjDEAX,Counseling et physiologie II,EP3576
a0C8c00000XMMjEEAX,Counseling et physiologie II,EP6576
a0C8c00000XMMYJEA5,Counseling et Théologie,EP4532
a0C8c00000YJgiPEAT,Counseling et Théologie 2e cyc,EP8532
a0C8c00000XMMjFEAX,"Counseling, mariage et famille",EP2546
a0C8c00000XMMjGEAX,"Counseling, mariage et famille",EP6536
a0C8c00000XMMdFEAX,Couronnement,IMS800
a0C8c00000XMMjIEAX,Cours au choix BI,BI0001
a0C8c00000XMMjHEAX,Cours au choix BI,BI0000
a0C8c00000XMMjJEAX,Cours au choix EP,EP0000
a0C8c00000XMMjKEAX,Cours au choix EP,EP0001
a0C8c00000XMMbYEAX,Cours de Français,FRA
a0C8c00000XMMdCEAX,Création,IMS707
a0C8c00000XMMYbEAP,Création - Évolution,HP4425
a0C8c00000XMMY6EAP,Créativité,EP4516
a0C8c00000XMMd6EAH,Culture,IMS701
a0C8c00000XMMXeEAP,Cure d'âme biblique,EP2528
a0C8c00000YJgiMEAT,Cure d'âme biblique,EP7528
a0C8c00000XMMjLEAX,Cure d'âme pastorale,EP1100
a0C8c00000XMMjMEAX,Cure d'âme pastorale,EP6542
a0C8c00000XMMb7EAH,Daniel,AT9228
a0C8c00000XMMjOEAX,Daniel,AT7128
a0C8c00000XMMjNEAX,Daniel,AT3128
a0C8c00000XMMXNEA5,Debout jeunesse,EP1545
a0C8c00000XMMjQEAX,Deutéronome,AT7124
a0C8c00000XMMjPEAX,Deutéronome,AT3124
a0C8c00000XMMZNEA5,Dev. mouv. pent.char. vineyard,TS1100
a0C8c00000XMMcvEAH,Dieu,IMS507
a0C8c00000YK1qiEAD,Diriger une équipe,CBE209
a0C8c00000XMMd1EAH,Discipulat,IMS605
a0C8c00000XMMXUEA5,Disposition coeur conducteur,EP2230
a0C8c00000XMMbUEAX,Dispositions de cœur du responsable,EP2350
a0C8c00000XMMjREAX,Doctrine de Dieu,TS3304
a0C8c00000XMMjSEAX,Doctrine de Dieu,TS7304
a0C8c00000XMMZYEA5,Doctrine des esprits,TS4310
a0C8c00000XMMZPEA5,Doctrines Essentielles,TS1301-02
a0C8c00000XMMZOEA5,Doctrines essentielles I,TS1101
a0C8c00000XMMaJEAX,Doctrines Essentielles I,TS5101
a0C8c00000XMMZQEA5,Doctrines essentielles II,TS1102
a0C8c00000XMMaOEAX,Doctrines Essentielles II,TS5102
a0C8c00000XMMaPEAX,Doctrines Essentielles III,TS5103
a0C8c00000XMMZSEA5,Doctrines essentielles III,TS1103
a0C8c00000XMMaQEAX,Doctrines Essentielles IV,TS5104
a0C8c00000YJgihEAD,Doctrines essentielles IV,TS5304
a0C8c00000XMMZTEA5,Doctrines essentielles IV,TS1104
a0C8c00000XMMcVEAX,Doctrines Essentielles IV-A,TS2304-A
a0C8c00000XMMjUEAX,Du simple verset au livre tout entier,BI9605
a0C8c00000XMMjTEAX,Du simple verset au livre tout entier,BI6105
a0C8c00000XMMaeEAH,Du simple verset au livre tout entier,BI2105
a0C8c00000XMMXaEAP,Dynamique de groupe,EP2504
a0C8c00000XMMjVEAX,Dynamiques du changement biblique,EP3549
a0C8c00000XMMjWEAX,Dynamiques du changement biblique,EP9549
a0C8c00000YK1qSEAT,Découvrir la révélation,CBE201
a0C8c00000XMMZiEAP,Dév.pent.mouv. ch. vineyard,TS8313
a0C8c00000XMMduEAH,Développement d'études bibliques,BI9515
a0C8c00000XMMjYEAX,Ecclésiologie,TS7309
a0C8c00000XMMjXEAX,Ecclésiologie,TS3309
a0C8c00000XMMcKEAX,Ecclésiologie et pneumatologie,TS4306
a0C8c00000XMMXkEAP,Enjeux cure d'âme 1 cycle,EP2544
a0C8c00000XMMYLEA5,Enjeux cure d'âme pastorale,EP6545
a0C8c00000XMMcEEAX,Enraciné dans l'Évangile,EP2512
a0C8c00000YT1xYEAT,Enseigner la théologie pastorale IV,EP9600-25
a0C8c00000XMMYxEAP,Epître aux Galates,NT2211
a0C8c00000XMMZAEA5,Epîtres de prison,NT3213
a0C8c00000XMMX8EAP,Esaïe,AT7127
a0C8c00000XMMjfEAH,Eschatologie,TS2306
a0C8c00000XMMjgEAH,Eschatologie,TS6306
a0C8c00000YK8OsEAL,Eschatologie : l'espérance chrétienne pour aujourd'hui,TS4315
a0C8c00000YK8OxEAL,Eschatologie : l'espérance chrétienne pour aujourd'hui,TS8315
a0C8c00000XMMczEAH,Espérance,IMS603
a0C8c00000YJgiUEAT,Exercices de ministère,EP9122
a0C8c00000XMMYHEA5,Exercices de ministère,EP6220
a0CON00002qEb2z2AC,Exode,AT2122
a0C8c00000XMMjwEAH,Exposition de Genèse,AT6121
a0C8c00000XMMjvEAH,Exposition de Genèse,AT2121
a0C8c00000YKCMgEAP,Exégèse,IMS710
a0C8c00000XMMjpEAH,Exégèse du grec,LA3735
a0C8c00000XMMjqEAH,Exégèse du grec,LA7735
a0C8c00000YJhbWEAT,Exégèse grecque I,LA6731
a0C8c00000XMMdOEAX,Exégèse grecque I,LA2731
a0C8c00000XMMcIEAX,Exégèse grecque I et II,LA9730
a0C8c00000XMMjsEAH,Exégèse grecque I et II,LA6730
a0C8c00000XMMjrEAH,Exégèse grecque I et II,LA2730
a0C8c00000XMMdREAX,Exégèse grecque II,LA2732
a0C8c00000XMMdKEAX,Exégèse hébraïque I,LA2741
a0C8c00000ZMkyUEAT,Exégèse hébraïque I,LA6741
a0C8c00000XMMjtEAH,Exégèse hébraïque II,LA2742
a0C8c00000XMMjuEAH,Exégèse hébraïque II,LA6742
a0C8c00000XMMYnEAP,Exégèse I,LA6751
a0C8c00000XMMYoEAP,Exégèse II,LA6752
a0CON00000Cx93c2AB,Faire des disciples au travers de l'accueil,EP0110
a0C8c00000XMMdAEAX,Famille,IMS705
a0C8c00000XMMXVEA5,Famille Église primitive,EP2310
a0CON00000rVMHj2AO,Femmes dans le ministère et en leadership,EP2518
a0C8c00000YT1xJEAT,Femmes enseignant la Parole de Dieu,EP9610-04
a0C8c00000YT1xEEAT,"Femmes et l’évangélisation locale, régionale, globale",EP9610-03
a0C8c00000XMMcpEAH,Foi,IMS501
a0C8c00000XMMcoEAH,Fondement,IMS500
a0C8c00000XMMcnEAH,Fondement biblique de l'implantation,CE1200
a0C8c00000XMMapEAH,Fondement de l'implantation d'église,CEI500
a0C8c00000XMMciEAH,Fondements bibliques de l'adoration,EP2561
a0C8c00000XMMjyEAH,Fondements bibliques et théologiques de l'aumônerie,HP7301
a0C8c00000XMMjxEAH,Fondements bibliques et théologiques de l'aumônerie,HP3301
a0C8c00000XMMjzEAH,Fondements d'interprétation,BI1200
a0C8c00000XMMk0EAH,Fondements d'interprétation,BI5000
a0C8c00000XMMaWEAX,Fondements de l'implantation d'Église,CEI200
a0C8c00000XMMZdEAP,Fondements des relations entre les Testaments,TS6300
a0C8c00000YJgijEAD,Fondements des relations entre les Testaments,TS9130
a0C8c00000XMMXLEA5,Formation chrétienne,EP1521
a0C8c00000XMMYAEA5,Formation cure d'âme (1er),EP4535
a0C8c00000XMMYKEA5,Formation cure d'âme (2e),EP6544
a0C8c00000XMMY2EAP,Formation dans l'Église locale,EP1210
a0C8c00000YK1r4EAD,Formation de disciples,CBE605
a0C8c00000XMMdUEAX,Formation Je suis deuxième,EP1555
a0C8c00000XMMk1EAH,GAP - DFC I,EP3512
a0C8c00000XMMk2EAH,GAP - DFC I,EP7512
a0C8c00000XMMk4EAH,GAP - DFC II,EP7513
a0C8c00000XMMk3EAH,GAP - DFC II,EP3513
a0C8c00000XMMk6EAH,GAP - DFC III,EP7514
a0C8c00000XMMk5EAH,GAP - DFC III,EP3514
a0C8c00000XMMk8EAH,GAP - DFC IV,EP7515
a0C8c00000XMMk7EAH,GAP - DFC IV,EP3515
a0C8c00000XMMk9EAH,GAP - DFC IX,EP3520
a0C8c00000XMMkAEAX,GAP - DFC IX,EP7520
a0C8c00000XMMkBEAX,GAP - DFC V,EP3516
a0C8c00000XMMkCEAX,GAP - DFC V,EP7516
a0C8c00000XMMkEEAX,GAP - DFC VI,EP7517
a0C8c00000XMMkDEAX,GAP - DFC VI,EP3517
a0C8c00000XMMkGEAX,GAP - DFC VII,EP7518
a0C8c00000XMMkFEAX,GAP - DFC VII,EP3518
a0C8c00000XMMkHEAX,GAP - DFC VIII,EP3519
a0C8c00000XMMkIEAX,GAP - DFC VIII,EP7519
a0C8c00000XMMkKEAX,GAP - DFC X,EP7521
a0C8c00000XMMkJEAX,GAP - DFC X,EP3521
a0C8c00000XMMaqEAH,GAP - Impact Jeunesse,EP3526
a0C8c00000XMMaXEAX,GAP I - concentration EI,CEI301
a0C8c00000XMMaYEAX,GAP II - concentration EI,CEI302
a0C8c00000XMMaZEAX,GAP III - concentration EI,CEI303
a0C8c00000XMMaaEAH,GAP IV - concentration EI,CEI304
a0C8c00000XMMcXEAX,GAP V - concentration EI,CEI305
a0C8c00000XMMcYEAX,GAP VI - concentration EI,CEI306
a0C8c00000XMMcZEAX,GAP VII - concentration EI,CEl307
a0C8c00000XMMkMEAX,Genèse,AT6120
a0C8c00000XMMkLEAX,Genèse,AT2120
a0C8c00000XMMa8EAH,Gestion de vie,EP2216
a0C8c00000XMMbwEAH,Gestion de vie et coaching,EP2215
a0C8c00000XMMkOEAX,Gestion des conflits dans l'Église,EP6513
a0C8c00000XMMbBEAX,Gestion des conflits dans l'Église,EP9113
a0C8c00000XMMkNEAX,Gestion des conflits dans l'Église,EP2513
a0C8c00000XMMkPEAX,Gestion préventive des abus,EP3543
a0C8c00000XMMkQEAX,Gestion préventive des abus,EP7543
a0C8c00000XMMZtEAP,Grands discours de Jésus,NT2204
a0C8c00000XMMbJEAX,Grec II,LA9131
a0C8c00000XMMbKEAX,Grec III,LA9132
a0C8c00000XMMd2EAH,Groupes,IMS606
a0C8c00000XMMd4EAH,Grâce,IMS608
a0C8c00000XMMa9EAH,Gérer sa vie,EP5518a
a0C8c00000XMMbxEAH,Gérer sa vie et coaching,EP5518
a0CON00000vSGlg2AG,Hebrew Exegesis I,LA6741E
a0CON00000vSKNt2AO,Hebrew Exegesis I,LA2741E
a0C8c00000XMMZhEAP,Herméneutique et innerance,TS7305
a0C8c00000XMMdBEAX,Histoire,IMS706
a0C8c00000XMMX7EAP,Histoire de l'A.T.,AT5100
a0C8c00000XMMkSEAX,Histoire de l'aumônerie,HP7305
a0C8c00000XMMkREAX,Histoire de l'aumônerie,HP3305
a0C8c00000XMMbrEAH,Histoire de l'Église (recherche et enseignement),HP9220
a0C8c00000XMMkTEAX,Histoire de l'Église I,HP1401
a0C8c00000XMMkVEAX,Histoire de l'Église I,HP5401
a0C8c00000XMMdGEAX,Histoire de l'Église I,HP6401
a0C8c00000XMMkYEAX,Histoire de l'Église II,HP5402
a0C8c00000XMMkWEAX,Histoire de l'Église II,HP1402
a0C8c00000XMMkZEAX,Histoire de l'Église III,HP1403
a0C8c00000XMMkaEAH,Histoire de l'Église III,HP5403
a0C8c00000XMMYUEA5,Histoire de l'Église IV,HP1404
a0C8c00000YJgiXEAT,Histoire de l'Église IV,HP5404
a0C8c00000XMMkcEAH,Histoire de la femme dans l'Église,HP8407
a0C8c00000XMMkbEAH,Histoire de la femme dans l'Église,HP4407
a0C8c00000XMMkdEAH,Histoire de la théologie,TS4410
a0C8c00000XMMkeEAH,Histoire de la théologie,TS8410
a0C8c00000YJezlEAD,Homilétique I,EP5501
a0C8c00000XMMXGEA5,Homilétique I,EP1501
a0C8c00000XMMXHEA5,Homilétique II,EP1502
a0C8c00000YJgiKEAT,Homilétique II,EP5502
a0C8c00000XMMXZEA5,Homilétique III,EP2503
a0C8c00000YJezuEAD,Homilétique III,EP6503
a0C8c00000YJezwEAD,Homilétique III,EP9103
a0C8c00000XMMcwEAH,Humilité,IMS508
a0C8c00000XMMbbEAH,I Corinthiens,NT7215a
a0C8c00000XMMbdEAH,I Thessaloniciens,NT1204
a0C8c00000XMMctEAH,Incarnation,IMS505
a0C8c00000YK1qhEAD,Incarner l'espérance,CBE207
a0C8c00000XMMcUEAX,Influente dans sa communauté (pour femme),EP2523
a0C8c00000YJgiLEAT,Influente dans sa communauté (pour femme),EP5523
a0C8c00000XMMYREA5,Init. langue grecque (trans.),GRE1602
a0C8c00000XMMkpEAH,Initiation au grec biblique I,LA5731
a0C8c00000XMMkoEAH,Initiation au grec biblique I,LA1731
a0C8c00000XMMbIEAX,Initiation au Grec biblique I et II,LA9730
a0C8c00000YJgiZEAT,Initiation au grec biblique I et II,LA5730
a0C8c00000XMMYjEAP,Initiation au grec biblique I et II,LA1730
a0C8c00000XMMkqEAH,Initiation au grec biblique II,LA1732
a0C8c00000XMMkrEAH,Initiation au grec biblique II,LA5732
a0C8c00000YJgiHEAT,Initiation interprétation biblique,BI6110
a0C8c00000XMMXAEA5,Initiation interprétation biblique,BI2110
a0C8c00000XMMkfEAH,Initiation à l'hébreu biblique I,LA1741
a0C8c00000XMMkgEAH,Initiation à l'hébreu biblique I,LA5741
a0C8c00000XMMbHEAX,Initiation à l'hébreu biblique I,LA9741
a0C8c00000YI7LcEAL,Initiation à l'hébreu biblique I - Intensif,LA1761
a0C8c00000YI7LrEAL,Initiation à l'hébreu biblique I - Intensif,LA5761
a0C8c00000XMMkiEAH,Initiation à l'hébreu biblique I et II,LA5740
a0C8c00000XMMkhEAH,Initiation à l'hébreu biblique I et II,LA1740
a0C8c00000XMMkjEAH,Initiation à l'hébreu biblique II,LA1742
a0C8c00000XMMbLEAX,Initiation à l'hébreu biblique II,LA9742
a0C8c00000XMMkkEAH,Initiation à l'hébreu biblique II,LA5742
a0C8c00000YI7LhEAL,Initiation à l'hébreu biblique II - Intensif,LA1762
a0C8c00000YI7LnEAL,Initiation à l'hébreu biblique II - Intensif,LA5762
a0C8c00000XMMklEAH,Initiation à l'hébreu biblique III,LA1743
a0C8c00000XMMknEAH,Initiation à l'hébreu biblique III,LA9743
a0C8c00000XMMkmEAH,Initiation à l'hébreu biblique III,LA5743
a0C8c00000YI7LwEAL,Initiation à l'hébreu biblique III - Intensif,LA5763
a0C8c00000YI7LmEAL,Initiation à l'hébreu biblique III - Intensif,LA1763
a0C8c00000XMMahEAH,Initiation à l'étude biblique,BI2110a
a0C8c00000XMMZLEA5,Initiation à la recherche,RE1800
a0C8c00000YJgifEAD,Initiation à la recherche,RE5800
a0C8c00000XMMX6EAP,Institutions dans A.T.,AT4101
a0C8c00000XMMXsEAP,Instruct. Chrét. (entraide),EP3510
a0CON00001RRXlp2AH,Internat stage pastoral (Shawinigan-Sud),EP3529
a0C8c00000XMMktEAH,Interprétation avancée : Actes à Apocalypse,NT8202
a0C8c00000XMMksEAH,Interprétation avancée : Actes à Apocalypse,NT4202
a0C8c00000XMMkuEAH,Interprétation avancée : Actes à Apocalypse,NT9202
a0C8c00000XMMcJEAX,Interprétation biblique (Counseling),EP9553
a0C8c00000XMMkwEAH,Interprétation de Romains (1-8),NT6210a
a0C8c00000XMMcDEAX,Interprétation de Romains (1-8),NT9220a
a0C8c00000XMMkvEAH,Interprétation de Romains (1-8),NT2210a
a0C8c00000XMMkzEAH,Interprétation de Romains (9-16),NT9610b
a0C8c00000XMMkyEAH,Interprétation de Romains (9-16),NT6210b
a0C8c00000XMMkxEAH,Interprétation de Romains (9-16),NT2210b
a0C8c00000XMMcdEAH,Interprétation des Paraboles,NT2004
a0C8c00000YK1qqEAD,Interpréter la Bible,CBE311
a0C8c00000XMMl1EAH,Interpréter le Pentateuque et les Livres historiques,AT6211
a0C8c00000XMMl0EAH,Interpréter le Pentateuque et les Livres historiques,AT2211
a0C8c00000YK1qkEAD,Interpréter le Pentateuque et les livres historiques,CBE211
a0C8c00000XMMl7EAH,"Interpréter les poètes, sages et prophètes",AT6212
a0C8c00000XMMl6EAH,"Interpréter les poètes, sages et prophètes",AT2212
a0C8c00000YK1qlEAD,"Interpréter les poètes, sages et prophètes",CBE212
a0C8c00000YK1qmEAD,Interpréter les Évangiles,CBE213
a0C8c00000XMMl5EAH,Interpréter les Évangiles,NT6213
a0C8c00000XMMl4EAH,Interpréter les Évangiles,NT2213
a0C8c00000XMMl3EAH,Interpréter les épîtres,NT6111
a0C8c00000XMMl2EAH,Interpréter les épîtres,NT2111
a0C8c00000YK1qfEAD,Interpréter les épîtres,CBE111
a0C8c00000XMMl8EAH,Intervention en situations de crise,HP3311
a0C8c00000XMMl9EAH,Intervention en situations de crise,HP7311
a0C8c00000XMMY1EAP,Intervention milieu familial,EP3542
a0C8c00000XMMYhEAP,Intro. Langues Bibl. (Grec),LA1721
a0C8c00000XMMYgEAP,Intro. Langues Bibl. (Hébreu),LA1720
a0C8c00000XMMYrEAP,Intro. Étude Induct. 1 Thess,NT1203
a0C8c00000yChRvEAK,Introduction to Biblical Hebrew I,LA5741E
a0C8c00000yChRlEAK,Introduction to Biblical Hebrew I,LA1741E
a0CON00000RWKJh2AP,Introduction to Biblical Hebrew II,LA5742E
a0CON00000RWXPg2AP,Introduction to Biblical Hebrew II,LA1742E
a0C8c00000XMMlBEAX,Introduction à l'Église et sa mission,EP6511
a0C8c00000XMMlAEAX,Introduction à l'Église et sa mission,EP2511
a0C8c00000YJhbqEAD,Introduction à la Bible et son interprétation,BI5210
a0C8c00000YJhblEAD,Introduction à la Bible et son interprétation,BI1210
a0C8c00000XMMdIEAX,Introduction à la logique et rhétorique,HP2525
a0C8c00000XMMcaEAH,Introduction à la nature humaine,HP2511
a0C8c00000XMMZeEAP,Intégration théol. bibl. syst.,TS6310
a0C8c00000YJgikEAD,Intégration théol. bibl. syst.,TS9131
a0C8c00000XMMYvEAP,Jean,NT2206
a0C8c00000XMMlCEAX,Jean 13-21,NT2206b
a0C8c00000XMMlEEAX,Jean 13-21,NT7206b
a0C8c00000XMMlFEAX,Jean 13-21,NT9206b
a0C8c00000XMMlDEAX,Jean 13-21,NT6206b
a0C8c00000XMMaREAX,Job et Ecclésiaste,AT2130
a0C8c00000YJgiGEAT,Job et Ecclésiaste,AT6130
a0C8c00000XMMdDEAX,Justice,IMS708
a0C8c00000XMMlHEAX,Jérémie,AT7126
a0C8c00000XMMlGEAX,Jérémie,AT3126
a0C8c00000hH1MCEA0,L'appel de Dieu,EP6219
a0C8c00000hH1M7EAK,L'appel de Dieu,EP2219
a0C8c00000XMMXjEAP,L'homme ds le milieu familial,EP2540
a0C8c00000XMMmZEAX,"L'Église, la miséricorde et les marginaux",HP7307
a0C8c00000XMMmYEAX,"L'Église, la miséricorde et les marginaux",HP3307
a0C8c00000XMMcxEAH,L'Évangile,IMS601
a0C8c00000XMMisEAH,L'Évangile de Jésus-Christ,TS6102
a0C8c00000XMMirEAH,L'Évangile de Jésus-Christ,TS2102
a0C8c00000XMMlLEAX,L'Évangile et les grandes religions du monde,HP7240
a0C8c00000XMMlKEAX,L'Évangile et les grandes religions du monde,HP3240
a0C8c00000XMMlIEAX,L'épître aux Romains,NT1210
a0C8c00000XMMlJEAX,L'épître aux Romains,NT5210
a0C8c00000XMMaVEAX,L'évangile dans un monde contemporain,CEI100
a0C8c00000XMMcMEAX,L'évangile et la mssion,EP3311
a0C8c00000XMMdQEAX,La femme dans son milieu de vie,EP2527
a0C8c00000YTtdIEAT,La femme dans son milieu de vie,EP6527
a0C8c00000YJgigEAD,La Prière,TS3312
a0C8c00000XMMZREA5,La Prière,TS1312
a0C8c00000YK2uCEAT,La prière et le Saint-Esprit,TS3350
a0C8c00000YK2uHEAT,La prière et le Saint-Esprit,TS7350
a0C8c00000XMMb9EAH,La puissance dans la faiblesse,EP9121
a0C8c00000XMMlMEAX,La puissance dans la faiblesse,EP6210
a0C8c00000XMMlNEAX,La puissance dans la faiblesse,EP4210
a0C8c00000YI8AQEA1,La Torah,AT5301
a0C8c00000YI8APEA1,La Torah,AT1301
a0C8c00000XMMbZEAX,LD - Apologétique,EP9700
a0C8c00000XMMagEAH,LD - Approches littéraires à la Bible,AT9600-2
a0C8c00000XMMdvEAH,LD - Coaching et formation par compétences pour femmes,EP9610-01
a0C8c00000XMMddEAH,LD - Contextualisation de l'Évangile,HP9600-7
a0C8c00000XMMdhEAH,LD - Enseigner la théologie pastorale I,EP9600-22
a0C8c00000XMMdoEAH,LD - Enseigner la théologie pastorale II,EP9600-23
a0C8c00000XMMdpEAH,LD - Enseigner la théologie pastorale III,EP9600-24
a0C8c00000XMMdwEAH,LD - Femmes dans le ministère et en leadership,EP9610-02
a0C8c00000XMMdeEAH,LD - Fondements bibliques et théologiques 1,EP9600-19
a0C8c00000XMMdfEAH,LD - Fondements bibliques et théologiques 2,EP9600-20
a0C8c00000XMMa4EAH,LD - Formation du coeur du pasteur,EP9600-3
a0C8c00000XMMcREAX,LD - Grammaire grecque,LA9900
a0C8c00000XMMdiEAH,LD - Hist. spirit. Miss.: Réforme à aujourd'hui,HP9600-8
a0C8c00000XMMbpEAH,LD - Histoire Baptiste et de Église moderne,HP9600-5
a0C8c00000XMMlPEAX,LD - Histoire de l'apologétique,TS9600-7b
a0C8c00000XMMlOEAX,LD - Histoire de l'apologétique,TS9600-7a
a0C8c00000XMMa2EAH,LD - Histoire de la formation des pasteurs,EP9600-1
a0C8c00000XMMaTEAX,LD - Histoire de la réforme,HP9600-2
a0C8c00000XMMdjEAH,LD - Histoire de la spiritualité québécoise,HP9600-10
a0C8c00000XMManEAH,LD - Histoire des réveils,HP9600-3
a0C8c00000XMMboEAH,"LD - Histoire des réveils, deuxieme partie",HP9600-4
a0C8c00000XMMa3EAH,LD - Instruction chrétienne,EP9600-2
a0C8c00000XMMaDEAX,LD - Introduction à l'Ancien Testament,AT9600-3
a0C8c00000XMMceEAH,LD - Introduction à la théologie pastorale,EP9600-18
a0C8c00000XMMdtEAH,LD - Jeunes et religions,HP9601-1
a0C8c00000XMMdgEAH,LD - L'Église et la spiritualité missionnelle,EP9600-21
a0C8c00000XMMb4EAH,LD - L'Épître aux Romains,NT9600-1
a0C8c00000XMMbtEAH,LD - La mission de l'Église Matt.18.18-20,EP9600-10
a0C8c00000XMMdsEAH,LD - La mort et les funérailles,EP9600-27
a0C8c00000XMMdbEAH,LD - Le baptême,EP9600-16
a0C8c00000XMMdcEAH,LD - Les funérailles I,EP9600-17
a0C8c00000yAFmtEAG,LD - Les funérailles II,EP9600-32
a0C8c00000yAFpEEAW,LD - Les funérailles III,EP9600-33
a0C8c00000XMMafEAH,LD - Les priorités d'un évangéliste,EP9600-5
a0C8c00000XMMdYEAX,LD - Les Pères de l'Église,EP9600-13
a0C8c00000XMMdZEAX,LD - Marques de l'Église (9 Marks),EP9600-14
a0C8c00000XMMdNEAX,LD - Ministère aux malades et aux mourants,EP9600-12
a0C8c00000XMMa6EAH,LD - Ministère pastoral Épîtres de Paul,EP9600-4
a0C8c00000XMMcBEAX,LD - Méthode apologétique et science de la foi,TS9600-6
a0C8c00000XMMavEAH,LD - Plan de rédaction du mémoire,EP9600-7
a0C8c00000XMMbqEAH,LD - Projet de recherche : Turretin,HP9600-6
a0C8c00000XMMdaEAH,LD - Préparation au mariage,EP9600-15
a0C8c00000XMMcSEAX,LD - Pédagogie,EP9600-11
a0C8c00000XMMamEAH,LD - Recrutement dans l'Église locale,EP9600-6
a0C8c00000XMMawEAH,LD - Sotériologie,EP9600-8
a0C8c00000XMMaCEAX,LD - Survol du Pentateuque,AT9600-1
a0C8c00000XMMcOEAX,LD - Sécularisation; Desécularisation; Globalisation; Théologie de la religion,TS9600-8
a0C8c00000XMMc4EAH,LD - Théologie biblique,TS9600-4
a0C8c00000XMMauEAH,LD - Théologie biblique de l'Ancien Testament,TS9600-1
a0C8c00000XMMayEAH,LD - Théologie biblique du Nouveau Testament,TS9600-2
a0C8c00000XMMlREAX,LD - Théologie historique,TS9500-1
a0C8c00000XMMlQEAX,LD - Théologie historique,TS9600-3
a0C8c00000XMMaMEAX,LD - Église primitive,HP9600-1
a0C8c00000XMMcAEAX,LD - Épistémologie & herméneutique de la culture,TS9600-5
a0C8c00000XMMaEEAX,LD - Évangélisation dans l'Église primitive,EP9600-9
a0C8c00000XMMdkEAH,LD-Hist. spirit. Miss.: Église anc. Et Moyen Âge,HP9600-9
a0C8c00000XMMbVEAX,Le concept d'un stage pour la formation d'un évangéliste en Église,PM
a0C8c00000XMMajEAH,Le couple et le ministère,EP2539
a0CON00000NDtUm2AL,Le croyant et les visions du monde,HP7210
a0CON00000NDjEi2AL,Le croyant et les visions du monde,HP3210
a0C8c00000XMMlUEAX,Le leader et son influence,EP3511
a0C8c00000XMMlVEAX,Le leader et son influence,EP7539
a0C8c00000XMMlTEAX,Le leader et son équipe,EP6516
a0C8c00000XMMlSEAX,Le leader et son équipe,EP2516
a0C8c00000YJgiVEAT,Le pasteur dans son foyer,EP9146
a0C8c00000XMMYMEA5,Le pasteur dans son foyer,EP6580
a0C8c00000XMMYNEA5,Le pasteur dans son foyer (atelier),EP6581
a0C8c00000XMMd5EAH,Leadership,IMS609
a0C8c00000XMMlXEAX,Leadership,EP5517
a0C8c00000XMMlWEAX,Leadership,EP2517
a0C8c00000XMMYFEA5,Leadership et autorité,EP5521
a0C8c00000YJgiSEAT,Leadership et autorité,EP9021
a0C8c00000YK1r5EAD,Leadership organisationnel,CBE611
a0C8c00000XMMlYEAX,Leadership pastoral ecclésiocentrique I,EP2525
a0C8c00000XMMlZEAX,Leadership pastoral ecclésiocentrique I,EP6525
a0C8c00000XMMlaEAH,Leadership pastoral ecclésiocentrique II,EP2526
a0C8c00000XMMlbEAH,Leadership pastoral ecclésiocentrique II,EP6526
a0C8c00000YK1r3EAD,Leadership visionnaire,CBE604
a0C8c00000XMMYDEA5,Lecture pub.écritures,EP5512
a0C8c00000YJgiQEAT,Lecture pub.écritures,EP9012
a0C8c00000XMMaBEAX,Lectures dirigées - Ancien Testament,AT9600
a0C8c00000XMMb6EAH,Lectures dirigées - Histoire et philosophie,HP9600
a0C8c00000XMMb3EAH,Lectures dirigées - Nouveau Testament,NT9600
a0C8c00000XMMb5EAH,Lectures dirigées - Recherche,RE9600
a0C8c00000XMMa7EAH,Lectures dirigées - Études bibliques,BI9600
a0C8c00000XMMa1EAH,Lectures dirigées - Études pastorales,EP9600
a0C8c00000XMMa5EAH,Lectures dirigées - Études théologiques,TS9600
a0C8c00000XMMZzEAP,Lectures dirigées en théologie,TS3310
a0C8c00000XMMXYEA5,Lectures dirigées/Études pasto,EP2340
a0C8c00000XMMYkEAP,Lectures en grec biblique,LA3732
a0C8c00000YJf0OEAT,Lectures en grec biblique,LA7732
a0C8c00000YJf0TEAT,Lectures en grec biblique,LA8732
a0C8c00000YTOBiEAP,Lectures en hébreu biblique,LA3742
a0C8c00000XMMlcEAH,Les 7 questions,EP2519
a0C8c00000XMMldEAH,Les 7 questions,EP5519
a0C8c00000XMMbyEAH,Les affections spirituelles de l'ouvrier,EP8510
a0C8c00000YJgiWEAT,Les affections spirituelles de l'ouvrier,EP9510
a0CON00003JKE2v2AH,Les alliance dans l'AT et la nouvelle alliance chez Ésaïe et les Psaumes,TS8710
a0C8c00000hH7EXEA0,Les anciens,EP6514
a0C8c00000hH7ENEA0,Les anciens,EP1514
a0C8c00000XMMc8EAH,Les classiques chrétiens,HP8500
a0C8c00000XMMXTEA5,Les défis du ministère,EP2220
a0CON00000qIFfI2AW,Les grandes femmes de la foi chrétienne,EP9610-05
a0C8c00000XMMaIEAX,Les Juges,AT2104
a0C8c00000XMMlmEAH,Les petits prophètes,AT9230
a0C8c00000XMMX5EAP,Les petits prophètes,AT3130
a0C8c00000XMMllEAH,Les petits prophètes,AT7130
a0C8c00000XMMloEAH,Les prophètes,AT5302
a0C8c00000XMMlnEAH,Les prophètes,AT1302
a0C8c00000XMMlkEAH,Les quatre évangiles,NT5201
a0C8c00000XMMljEAH,Les quatre évangiles,NT1201
a0C8c00000XMMdSEAX,Les Écrits,AT1303
a0C8c00000YI8AREA1,Les Écrits,AT5303
a0C8c00000XMMbMEAX,Les Épitres de Jean,NT9115
a0C8c00000XMMZJEA5,Les Épîtres de Jean,NT6215
a0C8c00000XMMZ1EAP,Les épîtres de Jean - 1er cycl,NT2215
a0C8c00000XMMlgEAH,Les épîtres de Pierre,NT9217
a0C8c00000XMMleEAH,Les épîtres de Pierre,NT2216
a0C8c00000XMMlfEAH,Les épîtres de Pierre,NT6216
a0C8c00000XMMlhEAH,Les évangéliques : Le mouvement et ses tendances,HP4402
a0C8c00000XMMliEAH,Les évangéliques : Le mouvement et ses tendances,HP64402
a0C8c00000XMMc0EAH,Livre du AT au choix,AT
a0C8c00000XMMbzEAH,Livre du NT au choix,NT
a0C8c00000XMMcjEAH,L’adoration dans l’histoire et aujourd’hui,EP2562
a0C8c00000XMMZ2EAP,Manuscrits et versions,NT2250
a0C8c00000XMMYmEAP,Manuscrits versions anc. N.T.,LA7250
a0C8c00000XMMYpEAP,Marc - Inductif,NT2202
a0C8c00000YK1qzEAD,"Mariage, famille, foyer",CBE514
a0C8c00000XMMZ7EAP,Matthieu,NT3210
a0C8c00000XMMYtEAP,Matthieu 1 (Sermon montagne),NT2205a
a0C8c00000XMMYuEAP,Matthieu 2 (sermon montagne),NT2205b
a0C8c00000YJf0VEAT,Matthieu I,NT9210a
a0C8c00000XMMZ8EAP,Matthieu I,NT3210a
a0C8c00000YJf0PEAT,Matthieu I,NT7210a
a0C8c00000YJf0dEAD,Matthieu II,NT9210b
a0C8c00000XMMZ9EAP,Matthieu II,NT3210b
a0C8c00000YJezxEAD,Matthieu II,NT7210b
a0C8c00000YK1r6EAD,Maturité,CBE612
a0C8c00000XMMlsEAH,Ministère des femmes dans l'Église et la communauté,HP4408
a0C8c00000XMMltEAH,Ministère des femmes dans l'Église et la communauté,HP5408
a0C8c00000XMMaxEAH,Ministère jeunesse,EP1546
a0C8c00000XMMlvEAH,Missiologie,EP6521
a0C8c00000XMMluEAH,Missiologie,EP2521
a0C8c00000YK1r1EAD,Mode de vie missionel,CBE602
a0C8c00000XMMXnEAP,Musique,EP2549
a0C8c00000XMMXpEAP,Musique dans l'église,EP2551
a0C8c00000XMMaoEAH,Méthode d'étude biblique,BI6110a
a0C8c00000XMMlrEAH,Méthode exégétique (Grec),LA9134
a0C8c00000XMMlqEAH,Méthode exégétique (Grec),LA8734
a0C8c00000XMMlpEAH,Méthode exégétique (Grec),LA3734
a0C8c00000XMMXdEAP,Méthodes d'enseignement,EP2524
a0C8c00000XMMaLEAX,Méthodes de recherche en histoire,RE9601
a0C8c00000XMMY5EAP,Méthodes et matér. didactiques,EP4515
a0C8c00000XMMlwEAH,NT I : Les évangiles,NT1101
a0C8c00000XMMlxEAH,NT I : Les évangiles,NT5101
a0C8c00000XMMlyEAH,NT II : Débuts de l'ère apostolique,NT1102
a0C8c00000XMMlzEAH,NT II : Débuts de l'ère apostolique,NT5102
a0C8c00000XMMm1EAH,NT III : Fin de l'ère apostolique,NT5103
a0C8c00000XMMm0EAH,NT III : Fin de l'ère apostolique,NT1103
a0C8c00000XMMZrEAP,Néhémie,AT3129
a0C8c00000XMMYIEA5,Oecuménisme contemporain,EP6512
a0C8c00000XMMdJEAX,Origines et Histoire d'Israel,AT1201
a0C8c00000XMMdqEAH,Origines et Histoire d'Israel,AT5201
a0C8c00000YK1qoEAD,Partager l'Évangile avec les cultures,CBE307
a0C8c00000YK1qrEAD,Participer au ministère pastoral,CBE313
a0C8c00000YK1qWEAT,Participer à l'Histoire,CBE315
a0C8c00000YK1qgEAD,Participer à l'Église,CBE205
a0C8c00000XMMXhEAP,Pensée chrétienne rationnelle,EP2533
a0C8c00000XMMm2EAH,Pers. de l'oeuvre missionnaire,MI3601
a0C8c00000XMMm3EAH,Pers. de l'oeuvre missionnaire,MI7601
a0C8c00000XMMXSEA5,Personalité spirit. Conducteur,EP2210
a0C8c00000YJgiOEAT,Personnalité humaine,EP7555
a0C8c00000XMMbmEAH,Personnalité humaine,EP3555
a0C8c00000XMMm4EAH,Personnalité humaine I,EP3557
a0C8c00000XMMm5EAH,Personnalité humaine I,EP7557
a0C8c00000XMMm6EAH,Personnalité humaine II,EP3558
a0C8c00000XMMm7EAH,Personnalité humaine II,EP7558
a0C8c00000XMMXMEA5,Philo. de l'école chrétienne,EP1523
a0C8c00000XMMm9EAH,Philosophie chrétienne de la femme,EP5522
a0C8c00000XMMm8EAH,Philosophie chrétienne de la femme,EP2522
a0C8c00000XMMmAEAX,Philosophie de la religion,HP4435
a0C8c00000XMMmBEAX,Philosophie de la religion,HP7435
a0C8c00000XMMmCEAX,Philosophie du ministère - 1e partie,EP2511a
a0C8c00000XMMmDEAX,Philosophie du ministère - 1e partie,EP6511a
a0C8c00000XMMmFEAX,Philosophie du ministère - 2e partie,EP6511b
a0C8c00000XMMmEEAX,Philosophie du ministère - 2e partie,EP2511b
a0C8c00000XMMmGEAX,Pneumatologie,TS4307
a0C8c00000XMMmHEAX,Pneumatologie,TS8307
a0C8c00000XMMYcEAP,Post-Modernisme,HP6201
a0C8c00000XMMYYEA5,Post-modernisme,HP4406
a0C8c00000YK1qTEAT,Poursuivre Dieu,CBE204
a0C8c00000YK1quEAD,Pratiquer des soins spirituels,CBE317
a0C8c00000XMMclEAH,Pratiques et gestion du ministère d’adoration,EP2564
a0C8c00000XMMcbEAH,Première épitre de Jean,NT2222
a0C8c00000YK1qsEAD,Prier et rechercher le Saint-Esprit,CBE314
a0C8c00000XMMmPEAX,Principes d'interprétation,BI6100
a0C8c00000XMMcQEAX,Principes d'interprétation,BI9100
a0C8c00000XMMmOEAX,Principes d'interprétation,BI2100
a0C8c00000XMMc6EAH,Principes d'interprétation de l'Ancien Testament,BI2102
a0C8c00000XMMckEAH,Principes essentiels de l’adoration en Église,EP2563
a0C8c00000XMMd0EAH,Prière,IMS604
a0C8c00000XMMYlEAP,Problèmes d'exégèse (Grec),LA3733
a0C8c00000XMMbiEAH,Project Maîtrise - Rédaction de mémoire I,PM9001a
a0C8c00000XMMbjEAH,Project Maîtrise - Rédaction de mémoire II,PM9001b
a0C8c00000XMMbkEAH,Project Maîtrise - Rédaction de mémoire III,PM9001c
a0C8c00000XMMblEAH,Project Maîtrise - Rédaction de mémoire IV,PM9001d
a0C8c00000XMMbhEAH,Projet de recherche,RE9602
a0C8c00000XMMazEAH,Projet I - Indentifier les éléments d'un stage efficace,PM9000a
a0C8c00000XMMb0EAH,Projet II - Formuler un guide de stage pour l'évangéliste,PM9000b
a0C8c00000XMMb1EAH,Projet III - Réaliser un Guide de Formation en Église,PM9000c
a0C8c00000yAFq2EAG,Projet Maîtrise - Enseignement sur la mort et les funérailles,PM9005
a0CON00001afPgW2AU,Projet maîtrise - Formation et enseignement pour l'aumônerie funéraires,PM9004
a0C8c00000XMMb2EAH,Projet maîtrise - Rapport final,PM9000d
a0C8c00000YT1xdEAD,Projet Maîtrise - Réviser le cours théologie pastorale,PM9003
a0C8c00000XMMcHEAX,Projet Maîtrise 1,PM9002a
a0C8c00000XMMcNEAX,Projet Maîtrise 2,PM9002b
a0C8c00000XMMbSEAX,Projet maîtrise III - Réalisation du Guide de Formation en Église,PM5000c
a0C8c00000XMMYOEA5,Projet pastoral,EP7510
a0C8c00000XMMmREAX,Projet spécial en counseling biblique,EP8550
a0C8c00000XMMmQEAX,Projet spécial en counseling biblique,EP4550
a0C8c00000YTx8CEAT,Projet spécial fin de programme,EP4545
a0C8c00000XMMmSEAX,"Prophètes, sages et poètes d'Israël",AT1202
a0C8c00000XMMmTEAX,"Prophètes, sages et poètes d'Israël",AT5202
a0C8c00000XMMYXEA5,Protestantisme au Canada Fr.,HP4405
a0C8c00000XMMdHEAX,Proverbes,AT2127
a0C8c00000XMMmUEAX,Proverbes et Cantique des cantiques,AT2128
a0C8c00000XMMmVEAX,Proverbes et Cantique des cantiques,AT6128
a0C8c00000XMMYGEA5,Prédication avancée,EP5530
a0C8c00000YJgiTEAT,Prédication avancée,EP9033
a0C8c00000XMMmIEAX,Prédication Biblique,EP6502
a0C8c00000XMMbTEAX,Prédication Biblique,EP2502
a0C8c00000XMMmJEAX,Prédication Biblique,EP9102
a0C8c00000XMMc3EAH,Prédication christocentrique,EP6508
a0C8c00000XMMbuEAH,Prédication Christocentrique,EP1508
a0C8c00000XMMmLEAX,Prémillénarisme,TS8312
a0C8c00000XMMmKEAX,Prémillénarisme,TS4312
a0C8c00000XMMbEEAX,Préparation au mariage,EP9336
a0C8c00000XMMmMEAX,Préparation au mariage,EP4536
a0C8c00000XMMmNEAX,Préparation au mariage,EP8536
a0C8c00000XMMZbEAP,Prêcher les genres bibliques,TS5200
a0C8c00000YJgiiEAD,Prêcher les genres bibliques,TS9020
a0C8c00000XMMmXEAX,Psaumes,AT6126
a0C8c00000XMMmWEAX,Psaumes,AT2126
a0C8c00000XMMaUEAX,Psaumes - 1ere partie,AT2126a
a0C8c00000XMMadEAH,Psaumes - 2e partie,AT2126b
a0C8c00000XMMY4EAP,Psychologie de l'enfant,EP4512
a0C8c00000XMMY3EAP,Pédagogie,EP4511
a0C8c00000XMMZMEA5,Recherche et méthodologie,RE9510
a0C8c00000uHpDtEAK,Recherche et méthodologie - 1re partie,RE9510a
a0C8c00000uHpBdEAK,Recherche et méthodologie - 2e partie,RE9510b
a0C8c00000XMMbeEAH,Recherche I,RE9521
a0C8c00000XMMbfEAH,Recherche II,RE9522
a0C8c00000XMMbgEAH,Recherche III,RE9523
a0C8c00000YK1qnEAD,Rechercher la sainteté,CBE303
a0C8c00000XMMbvEAH,Relation aide situations crit.,EP8530
a0C8c00000XMMmaEAH,Relation d'aide auprès des adolescents,EP6543
a0C8c00000XMMmbEAH,Relation d'aide auprès des adolescents,EP2543
a0C8c00000XMMbDEAX,Relation d'aide auprès des adolescents,EP9143
a0C8c00000XMMY8EAP,Relation d'aide situation cri.,EP4530
a0C8c00000YK1r0EAD,Relations,CBE515
a0C8c00000XMMmdEAH,Relations interpersonnelles,EP6537
a0C8c00000XMMmcEAH,Relations interpersonnelles,EP2537
a0C8c00000XMMbCEAX,Renouvellement spirituel,EP9138
a0C8c00000XMMmfEAH,Renouvellement spirituel,EP4538
a0C8c00000XMMmeEAH,Renouvellement spirituel,EP6538
a0C8c00000YJgiFEAT,Rois et Chroniques,AT6001
a0C8c00000XMMaiEAH,Rois et Chroniques,AT3001
a0C8c00000XMMYqEAP,Romains - Inductif,NT2209
a0C8c00000XMMYwEAP,Romains (Exégèse),NT2210
a0C8c00000YJgiaEAD,Romains (Exégèse),NT6210
a0C8c00000XMMYyEAP,Romains cours de session,NT2212
a0C8c00000XMMZWEA5,Rédemption,TS3307
a0C8c00000YK1qvEAD,Réfléchir et se lancer,CBE410
a0C8c00000XMMmgEAH,Résidence en counseling biblique,EP4561
a0C8c00000XMMmhEAH,Résidence en counseling biblique,EP8561
a0C8c00000XMMd3EAH,Révélation,IMS607
a0C8c00000XMMZgEAP,Révélation - Inspiration,TS7303
a0C8c00000XMMdlEAH,S'affermir dans la foi,EP1525
a0C8c00000XMMd9EAH,Sagesse,IMS704
a0C8c00000XMMcyEAH,Sainteté,IMS602
a0C8c00000XMMmjEAH,Sanctification,TS8309
a0C8c00000XMMmiEAH,Sanctification,TS4309
a0C8c00000XMMYZEA5,Sectes,HP4415
a0CON00000YUWc72AH,Soins pastoraux funéraires,HP3310
a0CON00000YUfDw2AL,Soins pastoraux funéraires,HP7310
a0C8c00000XMMmqEAH,"Soins spirituels envers les malades, mourants et endeuillés",HP3309
a0C8c00000XMMmrEAH,"Soins spirituels envers les malades, mourants et endeuillés",HP7309
a0C8c00000XMMmtEAH,Sotériologie,TS7308
a0C8c00000XMMmsEAH,Sotériologie,TS3308
a0C8c00000YJezzEAD,Spiritualité biblique,EP6610
a0C8c00000XMMbsEAH,Spiritualité biblique,EP2510
a0C8c00000XMMabEAH,Stage - concentration EI,CEI400
a0C8c00000XMMdMEAX,Stage - Incubateur,EP2529
a0C8c00000YKCMHEA5,Stage : coaching et multiplication de disciples,EP8501
a0C8c00000YKCMCEA5,Stage : coaching et multiplication de disciples,EP4501
a0C8c00000YKCMMEA5,Stage : ministères dans l'Église locale,EP4502
a0C8c00000YKCMNEA5,Stage : ministères dans l'Église locale,EP8502
a0C8c00000XMMmuEAH,Stage d'intégration en counseling biblique,EP4570
a0C8c00000XMMmvEAH,Stage d'intégration en counseling biblique,EP8570
a0C8c00000XMMmzEAH,Stage d'observation en counseling biblique,EP7570
a0C8c00000XMMmyEAH,Stage d'observation en counseling biblique,EP3570
a0C8c00000XMMn0EAH,Stage Intensive 9Marks,EP3528
a0C8c00000XMMn1EAH,Stage Intensive 9Marks,EP9528
a0C8c00000XMMn3EAH,Stage pratique en aumônerie,HP7350
a0C8c00000XMMn2EAH,Stage pratique en aumônerie,HP3350
a0C8c00000XMMXcEAP,Stage Pratique I,EP2520
a0C8c00000XMMc5EAH,Stage pratique I,EP6520
a0C8c00000XMMXtEAP,Stage Pratique II,EP3522
a0C8c00000XMMc7EAH,Stage pratique II,EP7522
a0C8c00000XMMY7EAP,Stage pratique III,EP4520
a0C8c00000XMMXuEAP,Stage Pratique III,EP3523
a0C8c00000XMMXvEAP,Stage Pratique IV,EP3524
a0C8c00000XMMc9EAH,Stage pratique IV,EP7524
a0C8c00000XMMXwEAP,Stage Pratique V,EP3525
a0C8c00000XMMZvEAP,Survol Ancien Testament,AT5500
a0C8c00000XMMaHEAX,Survol de l'Ancien Testament,AT1100
a0C8c00000XMMYSEA5,Survol de l'histoire de l'Église,HP1400
a0C8c00000XMMaAEAX,Survol de l'Histoire de l'Église,HP5400
a0C8c00000XMMdmEAH,Survol du Nouveau Testament,NT3201
a0C8c00000YJgibEAD,Survol du Nouveau Testament I : Les Évangiles,NT7201
a0C8c00000XMMZ3EAP,Survol du Nouveau Testament I : Les Évangiles,NT3202
a0C8c00000XMMZ4EAP,Survol du Nouveau Testament II,NT3203
a0C8c00000YJgicEAD,Survol du Nouveau Testament II,NT7202
a0C8c00000XMMZ6EAP,Survol du Nouveau Testament III,NT3204
a0C8c00000YJgieEAD,Survol du Nouveau Testament III,NT7204
a0C8c00000XMMc1EAH,Survol histoire de l’Église I,HP6408
a0C8c00000XMMc2EAH,Survol histoire de l’Église II,HP6409
a0C8c00000XMMZlEAP,Survol livres poétiques en lect. dir.,AT2125
a0C8c00000XMMZ5EAP,Survol Nouv Testament I & II,NT3203-04
a0C8c00000XMMmkEAH,Séminaire de leadership,EP6000
a0C8c00000XMMmlEAH,Séminaire de leadership,EP4000
a0C8c00000XMMb8EAH,Séminaire de leadership,EP9100
a0C8c00000XMMmnEAH,Séminaire de prédication avancé,EP7509
a0C8c00000XMMmmEAH,Séminaire de prédication avancé,EP1509
a0C8c00000XMMalEAH,Séminaire de recherche I,RE9501
a0C8c00000XMMarEAH,Séminaire de recherche II,RE9502
a0C8c00000XMMasEAH,Séminaire de recherche III,RE9503
a0C8c00000XMMatEAH,Séminaire de recherche IV,RE9504
a0C8c00000XMMdWEAX,Séminaire de recherche V,RE9505
a0C8c00000XMMdXEAX,Séminaire de recherche VI,RE9506
a0C8c00000XMMdnEAH,Séminaire de recherche VII,RE9507
a0C8c00000yB5IAEA0,Séminaire de recherche VIII,RE9508
a0C8c00000XMMZwEAP,Séminaire en prédication,EP1503
a0C8c00000XMMXEEA5,Séminaire Herméneutique,BI8100
a0C8c00000XMMmpEAH,Séminaire sur la prière,TS5313
a0C8c00000XMMmoEAH,Séminaire sur la prière,TS1313
a0C8c00000XMMYBEA5,Séminaire T-JTA,EP4537
a0C8c00000XMMdVEAX,Technique de counseling (ateliers),EP2534
a0C8c00000XMMn5EAH,Technique de counseling I (expl.),EP6530
a0C8c00000XMMn4EAH,Technique de counseling I (expl.),EP2530
a0C8c00000XMMcTEAX,Technique de counseling I-II (ex./co.),EP2530-31
a0C8c00000XMMn6EAH,Technique de counseling II (compr.),EP2531
a0C8c00000XMMn7EAH,Technique de counseling II (compr.),EP6531
a0C8c00000XMMn9EAH,Technique de counseling III (action),EP6532
a0C8c00000XMMn8EAH,Technique de counseling III (action),EP2532
a0C8c00000XMMnBEAX,Techniques de counseling,EP6539
a0C8c00000XMMnAEAX,Techniques de counseling,EP2538
a0C8c00000XMMdrEAH,Techniques de counseling,EP9139
a0C8c00000XMMXFEA5,Thèse,DESC200
a0C8c00000XMMdyEAH,Thèse I,RE9611
a0C8c00000XMMdzEAH,Thèse II,RE9612
a0C8c00000XMMe0EAH,Thèse III,RE9613
a0C8c00000XMMe1EAH,Thèse IV,RE9614
a0C8c00000XMMZjEAP,Théol. de l'Ancien Testament,TS8420
a0C8c00000XMMnCEAX,Théologie biblique de l'adoration,TB4440
a0C8c00000XMMnDEAX,Théologie biblique de l'adoration,TB8440
a0C8c00000YSuEEEA1,Théologie biblique de l'Ancien Testament,TB8420
a0C8c00000XMMZZEA5,Théologie biblique de l'Ancien Testament,TB4420
a0C8c00000XMMnGEAX,Théologie biblique de nos biens matériels,EP9339
a0C8c00000XMMnFEAX,Théologie biblique de nos biens matériels,EP8539
a0C8c00000XMMnEEAX,Théologie biblique de nos biens matériels,EP4539
a0C8c00000XMMnIEAX,Théologie biblique du Nouveau Testament,TB8421
a0C8c00000XMMnHEAX,Théologie biblique du Nouveau Testament,TB8430
a0C8c00000XMMcfEAH,Théologie biblique du Nouveau Testament,TB2421
a0C8c00000XMMnKEAX,Théologie Contemporaine,TS8424
a0C8c00000XMMnJEAX,Théologie Contemporaine,TS4424
a0C8c00000XMMbPEAX,Théologie de l'Ancien Testament,TS9320
a0C8c00000XMMnMEAX,Théologie de l'Église,TS1300
a0C8c00000XMMZcEAP,Théologie de l'Église,TS5300
a0C8c00000XMMnLEAX,Théologie de l'Église,TS9030
a0C8c00000YSuHcEAL,Théologie de la Nouvelle Alliance,TS8700
a0C8c00000YSuHXEA1,Théologie de la Nouvelle Alliance,TS4700
a0C8c00000YJhbbEAD,Théologie de la révélation,BI1300
a0C8c00000YJhbgEAD,Théologie de la révélation,BI5300
a0C8c00000XMMbQEAX,Théologie de la souffrance,TS9300
a0C8c00000XMMnOEAX,Théologie de la souffrance,TS8500
a0C8c00000XMMnNEAX,Théologie de la souffrance,TS4500
a0C8c00000YK8P7EAL,Théologie de la trinité,TS8320
a0C8c00000YK8P2EAL,Théologie de la trinité,TS4320
a0CON00001ZBk0m2AD,Théologie de la trinité (partie 1),TS8320a
a0CON00001ZCCKC2A5,Théologie de la trinité (partie 1),TS4320a
a0CON00002pgkaa2AA,Théologie de Paul,NT4511
a0CON00002phvGG2AY,Théologie de Paul,NT8511
a0C8c00000YJgilEAD,Théologie des ordonnances,TS9200
a0C8c00000XMMZfEAP,Théologie des ordonnances,TS7300
a0C8c00000YK8PMEA1,Théologie des Écritures,BI3200
a0C8c00000YK8PREA1,Théologie des Écritures,BI7200
a0C8c00000XMMnPEAX,Théologie du counseling,EP2545
a0C8c00000XMMnQEAX,Théologie du counseling,EP6540
a0C8c00000XMMZaEAP,Théologie du Nouveau Testament,TB4430
a0C8c00000XMMnREAX,Théologie du péché,TS4600
a0C8c00000XMMnTEAX,Théologie du péché,TS9800
a0C8c00000XMMnSEAX,Théologie du péché,TS8600
a0C8c00000XMMdPEAX,Théologie et psychologie séculière,EP3559
a0C8c00000XMMnUEAX,Théologie I : Connaître le Dieu de la Bible,TS1201
a0C8c00000XMMnVEAX,Théologie I : Connaître le Dieu de la Bible,TS5201
a0C8c00000XMMdTEAX,Théologie II : Glorifier le Fils dans l'Église,TS5202
a0C8c00000XMMdLEAX,Théologie II : Glorifier le Fils dans l’Église,TS1202
a0C8c00000XMMnWEAX,Théologie III : Espérer dans le Dieu victorieux,TS1203
a0C8c00000XMMnXEAX,Théologie III : Espérer dans le Dieu victorieux,TS5203
a0C8c00000XMMnYEAX,Théologie pastorale,EP1510
a0C8c00000XMMnZEAX,Théologie pastorale,EP6510
a0C8c00000XMMnaEAH,Théologie pastorale - 1e partie,EP1510a
a0C8c00000XMMnbEAH,Théologie pastorale - 1e partie,EP6510a
a0C8c00000XMMndEAH,Théologie pastorale - 2e partie,EP3510b
a0C8c00000XMMncEAH,Théologie pastorale - 2e partie,EP1510b
a0C8c00000XMMbXEAX,Théologie systématique,TS4450
a0C8c00000XMMdxEAH,Théorie et pratique de counseling,EP4531
a0C8c00000XMMnfEAH,Théorie et pratique de l'intervention en soins spirituels,HP7302
a0C8c00000XMMneEAH,Théorie et pratique de l'intervention en soins spirituels,HP3302
a0C8c00000XMMcmEAH,Théorie et pratique de l’intervention en soins spirituels,HP3435
a0C8c00000XMMngEAH,Théories de counseling,EP2536
a0C8c00000XMMnhEAH,Théories de counseling,EP6541
a0C8c00000YJf0sEAD,Transfert de crédits,TRANSF
a0C8c00000XMMXDEA5,Travail dirigé exégèse,BI7700
a0C8c00000XMMbAEAX,Un ministère centré sur l'évangile,EP9109
a0C8c00000XMMniEAH,Un ministère centré sur l'évangile,EP2509
a0C8c00000XMMnjEAH,Un ministère centré sur l'évangile,EP6509
a0C8c00000XMMYsEAP,Vie de Jésus-Christ,NT2203
a0C8c00000YJgidEAD,Vie de Jésus-Christ,NT7203
a0C8c00000XMMnlEAH,Vie familiale,EP6535
a0C8c00000XMMnkEAH,Vie familiale,EP2535
a0C8c00000XMMcrEAH,Vision,IMS503
a0C8c00000XMMnnEAH,Vision biblique de la justice et de la pauvreté,HP5451
a0C8c00000XMMnmEAH,Vision biblique de la justice et de la pauvreté,HP3431
a0C8c00000XMMcgEAH,Vision et mission du ministère auprès des enfants,EP2400
a0C8c00000YK1qyEAD,Vitalité spirituelle,CBE511
a0C8c00000XMMZXEA5,Vivre le Réveil,TS4308
a0C8c00000XMMcqEAH,Écritures,IMS502
a0C8c00000XMMcuEAH,Église,IMS506
a0C8c00000YJgiYEAT,Église des temps modernes,HP9304
a0C8c00000XMMYeEAP,Église des temps modernes,HP8404
a0C8c00000XMMYVEA5,Église temps modernes (1er par.),HP4404a
a0C8c00000XMMYWEA5,Église temps modernes (2em par.),HP4404b
a0C8c00000XMMYfEAP,Église temps modernes partie 1,HP8404a
a0C8c00000XMMjaEAH,Éphésiens,NT7212
a0C8c00000XMMjZEAX,Éphésiens,NT3212
a0C8c00000XMMjbEAH,Épître aux Galates,NT2220
a0C8c00000XMMbNEAX,Épître aux Galates,NT9120
a0C8c00000XMMjcEAH,Épître aux Galates,NT6220
a0C8c00000YJf0aEAD,Épître aux Hébreux,NT9216
a0C8c00000XMMZFEA5,Épître aux Hébreux,NT3216
a0C8c00000YJf0UEAT,Épître aux Hébreux,NT7216
a0C8c00000XMMZIEA5,Épître aux Philippiens,NT4201
a0C8c00000XMMYzEAP,Épître de Jacques,NT2225
a0C8c00000XMMZCEA5,Épîtres aux Corinthiens,NT3215
a0C8c00000XMMZKEA5,Épîtres de prison,NT7213
a0C8c00000XMMZGEA5,Épîtres générales,NT3217
a0C8c00000XMMjdEAH,Épîtres pastorales,NT9214
a0C8c00000YJf0YEAT,Épîtres pastorales,NT7214
a0C8c00000XMMjeEAH,Épîtres pastorales,NT7219
a0C8c00000XMMZBEA5,Épîtres pastorales,NT3214
a0C8c00000XMMacEAH,Épîtres pétrines,NT6218
a0C8c00000XMMX4EAP,Ésaïe,AT3127
a0C8c00000YJezkEAD,Ésaïe,AT9127
a0C8c00000YJezfEAD,Ésaïe,AT6127
a0C8c00000XMMZuEAP,Établiss. Exp. Église Actes,EP6110
a0C8c00000XMMXQEA5,Établiss. exp. Église Actes,EP2110
a0C8c00000XMMjiEAH,Éthique,HP7433
a0C8c00000XMMcLEAX,Éthique,HP9433
a0C8c00000XMMjhEAH,Éthique,HP3433
a0C8c00000XMMbWEAX,Éthique chrétienne,HP3432
a0CON00001ZCKL92AP,Éthique Chrétienne,HP7432
a0CON00001ZC6Ct2AL,Éthique Chrétienne (Partie 1),HP3432a
a0CON00001ZCQdS2AX,Éthique Chrétienne (Partie 1),HP7432a
a0CON00001dUAdb2AG,Éthique Chrétienne (Partie 2),HP7432b
a0CON00001dUILz2AO,Éthique Chrétienne (Partie 2),HP3432b
a0C8c00000XMMjkEAH,Éthique de l'aumônerie,HP5432
a0C8c00000XMMjjEAH,Éthique de l'aumônerie,HP3332
a0CON00000kHBXp2AO,Éthique de l'aumônier,HP7332
a0CON00000kGshp2AC,Éthique de l'aumônier,HP3332
a0C8c00000XMMjlEAH,Éthique et christianisme,HP3430
a0C8c00000XMMbGEAX,Éthique et christianisme,HP9230
a0C8c00000XMMjmEAH,Éthique et christianisme,HP7430
a0C8c00000YJjOoEAL,Éthique pour le conseiller biblique,EP3580
a0CON00002KM9sQ2AT,Éthique pour le conseiller biblique,EP3580
a0C8c00000YJjOtEAL,Éthique pour le conseiller biblique,EP7580
a0C8c00000XMMa0EAH,Étude ind. I Thess,NT6203
a0C8c00000YK1qYEAT,Étudier la Bible,CBE104
a0C8c00000XMMZmEAP,Évangile de Luc,NT2208
a0C8c00000XMMbFEAX,Évangile et pensée contemp.,HP9102
a0C8c00000XMMYTEA5,Évangile et pensées cont.,HP2202
a0C8c00000XMMYdEAP,Évangile et pensées contemp.,HP6202
a0C8c00000YJf04EAD,Évangélisation,EP9050
a0C8c00000YJezmEAD,Évangélisation,EP5550
a0C8c00000XMMXOEA5,Évangélisation,EP1550
a0C8c00000XMMjnEAH,Évangélisation : Rayonnement de l'Évangile dans la communauté,EP1553
a0C8c00000XMMjoEAH,Évangélisation : Rayonnement de l'Évangile dans la communauté,EP6553
a0C8c00000XMMXXEA5,Évangélisation au 1er siècle et aujourd'hui,EP2330
a0C8c00000XMMXPEA5,Évangélisation explosive,EP1552
a0C8c00000YK1qaEAD,Être en communauté,CBE106
a0C8c00000YK1qXEAT,Être préparé,CBE101
a0C8c00000YK1qbEAD,Être relationnel,CBE107
a0C8c00000YK1qZEAT,Être un disciple,CBE105
